{
  "project_info": {
    "project_number": "303431109145",
    "project_id": "event-management-app-ce238",
    "storage_bucket": "event-management-app-ce238.appspot.com"
  },
  "client": [
    {
      "client_info": {
        "mobilesdk_app_id": "1:303431109145:android:b141da9328a47ea4da7888",
        "android_client_info": {
          "package_name": "com.plamedi.second_app"
        }
      },
      "oauth_client": [
        {
          "client_id": "303431109145-dccnfcu5aclc7hl7bj4bslb8a7ile86h.apps.googleusercontent.com",
          "client_type": 3
        }
      ],
      "api_key": [
        {
          "current_key": "AIzaSyANGwvmW2rFSJ_QHvZF1SNtqGsRZbWQM3o"
        }
      ],
      "services": {
        "appinvite_service": {
          "other_platform_oauth_client": [
            {
              "client_id": "303431109145-dccnfcu5aclc7hl7bj4bslb8a7ile86h.apps.googleusercontent.com",
              "client_type": 3
            }
          ]
        }
      }
    }
  ],
  "configuration_version": "1"
}